Job Name,Salary Description,Skills,City Name,Job Degree,Job Experience,Brand name,BrandIndustry,WelfareList
物联网工程师,150-300元/天,"['C++', 'C', '计算机相关专业', 'Python']",淮安,大专,1-3年,江苏暖卡节能科技,新能源,[]
IOT物联网系统开发专员,5-6K,"['Java', 'C/C++', '计算机/软件工程相关经验', 'Java开发经验']",邵阳,大专,经验不限,兴昂国际,其他行业,"['宿舍有空调', '员工旅游', '绩效奖金', '带薪年假', '免费班车', '五险一金', '年终奖', '定期体检', '餐补', '工龄奖', '包住', '节日福利', '加班补助']"
IOT物联网系统开发专员,5-9K,"['C++', 'Python', 'Delphi', 'C++服务端开发经验', 'Qt项目开发经验', '计算机相关专业']",邵阳,大专,1-3年,邵阳连泰鞋业有限公司,服装/纺织,[]
物联网工程师,10-15K,"['计算机相关专业', 'C++服务端开发经验']",吴忠,大专,1-3年,北京植得,计算机软件,"['年终奖', '保底工资', '节假日加班费', '五险一金', '团建聚餐', '加班补助', '绩效奖金']"
专利工程师助理（软件/物联网）,4-9K,['自动化测试'],洛阳,本科,经验不限,润泽恒,检测/认证/知识产权,"['节日福利', '员工旅游', '年终奖', '定期体检', '五险一金', '补充医疗保险', '带薪年假', '零食下午茶', '餐补']"
C/C++开发工程师-智能物联网(A180101),7-12K,"['C++', 'C']",成都,本科,在校/应届,中科创达,计算机软件,"['全勤奖', '定期体检', '加班补助', '年终奖', '五险一金', '员工旅游', '交通补助', '餐补', '股票期权', '住房补贴', '节日福利', '带薪年假']"
测试工程师（物联网・可晋升研发）,4-6K,"['功能测试', '测试工程师', '硬件测试', '性能测试']",威海,大专,经验不限,精讯畅通,通信/网络设备,"['交通补助', '补充医疗保险', '生日福利', '包吃', '加班补助', '节日福利', '包住', '五险一金', '定期体检', '全勤奖', '餐补', '高温补贴', '意外险', '宿舍有空调', '有无线网']"
物联网IoT工程师,8-13K,"['C++', '通信相关专业', '嵌入式/单片机开发经验', '英语读写能力良好']",东莞,大专,经验不限,海月,电子/硬件开发,"['包住', '保底工资', '节日福利', '全勤奖', '夜班补助', '包吃', '五险一金', '工龄奖', '绩效奖金', '节假日加班费', '年终奖']"
物联网软件工程师,4-6K,"['JavaScript', 'HTML5', 'CSS']",昆明,大专,在校/应届,明湖科技,通信/网络设备,"['绩效奖金', '员工旅游', '全勤奖', '五险', '团建聚餐', '五险一金', '带薪年假', '节日福利', '年终奖', '差旅补助', '项目奖']"
物联网开发工程师,4-9K,"['Java', 'C/C++', '计算机/软件工程相关经验', 'Java开发经验']",洛阳,大专,1-3年,弘京电子科技有限公司,计算机软件,"['工龄奖', '加班补助', '五险一金', '通讯补贴', '包住', '住房补贴', '全勤奖', '保底工资', '绩效奖金', '交通补助']"
物联网全栈工程师,10-11K,['全栈项目经验'],徐州,本科,1-3年,康福尔电子,电子/硬件开发,"['加班调休', '带薪年假', '节日福利', '五险', '底薪加提成', '绩效奖金']"
物联网工程师,4-8K,"['Python', 'C#']",丽水,大专,经验不限,峰云能源,通信/网络设备,['五险']
物联网开发工程师,5-7K,"['C#', 'C#开发经验', '.NET开发经验']",吴忠,大专,1-3年,宁夏菜师兄,农/林/牧/渔,['五险一金']
物联网专业实习生,150-200元/天,"['接受居家办公', 'Java', 'Python', 'Nginx', 'Docker', 'MySQL', 'Redis', 'MongoDB', '微服务经验', '物联网经验', 'ERP开发经验']",上海,本科,3-5年,上海善禾物联网,智能硬件,[]
物联网软件开发工程师,5-7K,"['Java', 'Python', 'C#', 'MySQL', 'Redis', '不接受居家办公', '物联网经验', '上位机开发']",潍坊,大专,1-3年,盛途科技,互联网,"['包住', '定期体检', '意外险', '全勤奖', '包吃', '零食下午茶', '结婚礼金', '团建聚餐', '宿舍有空调', '五险一金', '免费工装', '底薪加提成', '餐补', '通讯补贴', '员工旅游', '生日福利', '节日福利', '保底工资', '工龄奖']"
物联网工程师,6-9K,"['C++', 'C#']",资阳,本科,1-3年,正雅齿科,医疗器械,"['生日福利', '年终奖', '团建聚餐', '餐补', '节日福利']"
物联网,5-8K,"['C++', '物联网', 'Python']",淮安,本科,经验不限,奈斯未来教育,培训/辅导机构,"['节日福利', '带薪年假', '员工旅游', '底薪加提成', '加班补助', '绩效奖金', '保底工资', '五险一金', '年终奖', '餐补']"
IOT物联网产品经理,8-12K,['运维管理'],中山,大专,3-5年,创智互联,计算机服务,"['零食下午茶', '带薪年假', '意外险', '节日福利', '绩效奖金', '节假日加班费', '有无线网', '团建聚餐', '高温补贴', '员工旅游', '五险', '股票期权', '生日福利', '定期体检', '全勤奖', '夜班补助']"
物联网平台研发工程师,8-12K・13薪,"['Python', 'MySQL', '分布式经验', '物联网经验', '掌握 Scala 编程语言', '熟悉Redis、Kafka技术']",合肥,本科,经验不限,优旦科技,储能,"['五险一金', '年终奖', '通讯补贴', '零食下午茶', '生日福利', '节日福利', '餐补', '员工旅游', '股票期权', '绩效奖金', '底薪加提成', '带薪年假', '定期体检', '五险一金', '团建聚餐']"
全栈工程师（物联网）,8-13K,"['物联网设备协议对接', '流媒体相关开发经验']",济南,大专,3-5年,中移智能,互联网,"['住房补贴', '带薪年假', '五险一金', '年终奖', '通讯补贴', '交通补助', '节日福利', '定期体检', '包吃']"
车载/物联网嵌入式软件工程师（大连）,8-12K,"['C语言', 'C++', 'C语言开发经验', '嵌入式开发经验', '计算机相关专业', '日语']",大连,本科,经验不限,海米视界,计算机软件,"['五险一金', '定期体检', '年终奖', '股票期权', '带薪年假', '节日福利']"
物联网Java后端开发实习生,90-110元/天,"['Java', 'Spring', 'Elasticsearch', 'Netty', 'MySQL', 'Redis', '接受居家办公', '物联网经验']",南京,本科,3-5年,安可讯,物联网,"['绩效奖金', '五险一金']"
物联网工程师,4-9K,"['安全集成/信息安全相关经验', '通信机房项目经验', '弱电系统集成经验', '系统集成项目管理工程师']",淮安,本科,1-3年,义贤,互联网,"['保底工资', '节假日加班费', '绩效奖金', '加班补助', '团建聚餐', '有无线网', '全勤奖', '底薪加提成', '年终奖']"
IoT 网络安全产品审核员-检测认证服务,7-12K・13薪,"['计算机相关专业', '通信相关专业', '英语六级']",青岛,本科,经验不限,莱茵工业服务,检测/认证/知识产权,[]
物联网软件员,7-12K,"['Java', 'C#', '不接受居家办公', '架构设计经验', 'python']",苏州,学历不限,经验不限,兆昌电子,电子商务,"['补充医疗保险', '餐补', '加班补助', '带薪年假', '节日福利', '股票期权', '员工旅游', '包吃', '五险一金', '年终奖', '零食下午茶']"
JAVA开发工程师（IOT平台）,6-11K・13薪,"['Java', 'Spring', 'JVM', 'MySQL', 'IOT开发']",台州,本科,经验不限,伟星股份,进出口贸易,"['年终奖', '节日福利', '五险一金', '免费班车', '员工旅游', '股票期权', '定期体检', '员工餐厅', '项目奖金']"
物联网低代码开发实习生（杭州）,100-200元/天,"['Java', 'Spring', 'SpringCloud', 'MySQL', '物联网经验']",杭州,本科,3-5年,网易,互联网,"['节日福利', '五险一金', '包吃', '带薪年假', '补充医疗保险', '定期体检', '免费班车', '全勤奖', '年终奖']"
物联网平台设计,3-4K,"['接受居家办公', 'Java', 'C', 'C#', 'Spring', 'MyBatis', '其他', 'MySQL', 'Spark', '其他', '架构设计经验', '分布式经验', '物联网经验']",海口,本科,1年以内,海口秀英小雅网络...,其他专业服务,"['底薪加提成', '年终奖', '节日福利', '有无线网']"
产品经理（IOT/物联网/数据中台）,15-18K・13薪,"['IOT', '物联网', '数据中台']",杭州,本科,3-5年,水木物联,通信/网络设备,"['全勤奖', '工龄奖', '生日福利', '免费班车', '年终奖', '免费工装', '绩效奖金', '带薪年假', '节日福利', '通讯补贴', '团建聚餐', '五险一金', '员工旅游', '股票期权', '零食下午茶', '交通补助', '加班补助', '定期体检', '高温补贴']"
物联网IoT开发工程师,8-12K,"['嵌入式/单片机开发经验', '计算机相关专业']",上饶,大专,经验不限,上饶高投智城科技,互联网,['五险一金']
物联网开发工程师,6-8K,"['C++', 'Java', '计算机相关专业', 'C++服务端开发经验', 'Qt项目开发经验']",沧州,本科,1-3年,任丘泽云信息技术...,智能硬件,"['交通补助', '员工旅游', '全勤奖', '五险一金', '股票期权']"
软件测试工程师（物联网）,6-9K,"['功能测试', '性能测试', '压力测试', 'Python', '通信相关专业', '计算机相关专业', '测试工作经验']",惠州,大专,1-3年,九联科技,通信/网络设备,"['员工旅游', '节日福利', '生日福利', '团建聚餐', '高温补贴', '免费班车', '五险一金', '带薪年假', '补充医疗保险', '餐补', '免费工装', '通讯补贴', '有无线网', '宿舍有空调', '定期体检']"
物联网工程师/小程序开发方向,8-12K,"['小程序', '混合app', 'JavaScript', 'HTML5', 'CSS', '计算机/软件工程相关专业', '原生app开发经验', '混合app开发经验', '物联网', '运营商', 'MQTT']",南昌,大专,1-3年,科晨洪兴,计算机服务,"['补充医疗保险', '免费班车', '五险一金', '包吃', '定期体检', '年终奖', '带薪年假', '节日福利', '餐补']"
IoT(物联网)现场实施工程师,8-10K,"['计算机相关专业', 'PLC', '嵌入式', '系统集成项目经验']",杭州,本科,1-3年,杭州希秀泛在计算技术,大数据,"['加班补助', '带薪年假', '五险一金', '年终奖', '绩效奖金']"
物联网,4-9K,"['Java', 'Nginx', '物联网经验', '不接受居家办公', 'C++', '分布式经验', 'PostgreSQL', 'Kafka', 'Redis', '其他', 'Python']",昆明,本科,1-3年,通朔数字科技,计算机软件,"['意外险', '年终奖', '五险一金', '全勤奖']"
iot产品经理,7-12K・14薪,"['物联网产品', '智能家居']",厦门,本科,经验不限,Runner建霖家居,进出口贸易,"['年终奖金', '包吃午餐', '带薪年假', '节日福利', '上下班车', '定期体检', '五险一金']"
物联网工程师,6-10K,"['负载均衡技术', '分布式技术', 'GIT', 'NoSQL', 'Memcached', 'Redis', 'MongoDB']",合肥,本科,1-3年,中科智驰,智能硬件,"['五险一金', '节日福利', '加班补助', '带薪年假', '年终奖']"
IOT产品运营专员,6-8K,['C端产品'],兰州,本科,1-3年,甘肃海荣通讯有限公司,消费电子,[]
物联网工程师,7-12K,"['PLC', '物联网', '数据采集']",郑州,本科,1-3年,扁担科技,互联网,"['员工旅游', '带薪年假', '社会保险', '完善的培训', '股票期权', '节日福利', '补充医疗保险', '零食下午茶']"
物联网软件工程师,8-10K・13薪,"['嵌入式技术', 'C语言', 'C#', '单片机开发']",泉州,大专,1年以内,科缔恒,通信/网络设备,"['五险一金', '年终奖', '节日福利', '零食下午茶']"
IOT开发技术支持,3-6K,"['C++', '通信相关专业']",南宁,本科,1-3年,法创智能,智能硬件,"['节日福利', '零食下午茶', '带薪年假', '工龄奖', '年终奖']"
物联网开发工程师,4-7K,"['后端', 'Python', 'Java', 'Django', '计算机相关专业', '服务端开发经验', '智慧楼宇数据接口开发', 'API接口开发', '不是前端']",南昌,大专,1-3年,保控电子科技,智能硬件,"['底薪加提成', '保底工资', '绩效奖金', '年终奖', '五险一金']"
物联网工程师,5-10K,"['Linux', 'Socket技术', '网络交换技术', '消息队列', '.NET', 'WPF', 'Framework', 'DevExpress']",烟台,大专,经验不限,恒远科技,计算机软件,"['团建聚餐', '绩效奖金', '股票期权', '五险一金', '节日福利', '零食下午茶', '定期体检', '通讯补贴', '年终奖', '底薪加提成', '保底工资', '生日福利', '员工旅游', '包吃', '免费工装']"
java开发工程师(IoT物联网平台开发）,9-11K,"['接受无前端经验/技能', '不限', 'Java', '不接受居家办公', 'Spring', 'SpringCloud', 'MySQL', '架构设计经验', '物联网经验', 'ZIGBEE', 'LORA', 'Wi-Fi']",苏州,大专,3-5年,新巢天诚,智能硬件,"['团建聚餐', '股票期权', '五险一金', '年终奖', '加班补助', '带薪年假', '员工旅游', '定期体检']"
物联网开发工程师,7-12K,"['接受居家办公', 'Java', 'Spring', 'SpringCloud', 'MyBatis', 'MySQL', 'Redis', 'Oracle', '物联网经验', '物联网平台', '车联网', '服务器运维']",南阳,学历不限,5-10年,河南省鑫磊公司,环保,"['五险一金', '交通补助', '股票期权', '加班补助', '补充医疗保险', '免费班车', '带薪年假', '员工旅游', '通讯补贴', '节日福利', '全勤奖', '定期体检', '住房补贴', '包吃', '年终奖', '餐补', '零食下午茶']"
IOT软件高级工程师,10-15K,"['Java', 'C++', 'Python']",南通,本科,1-3年,金红叶纸业,日化,"['节日福利', '交通补助', '加班补助', '全勤奖', '通讯补贴', '带薪年假', '定期体检', '五险一金', '住房补贴', '年终奖', '零食下午茶']"
IoT产品研发,10-15K,"['C#', '.NET', '.NET开发经验']",佛山,本科,经验不限,常青树信息公司,计算机软件,"['节日福利', '团建聚餐', '节假日加班费', '年终奖', '五险一金']"
IoT技术支持,6-7K,['售前/售后技术支持'],杭州,本科,1-3年,浙江云夕科技有限公司,计算机服务,"['带薪年假', '节日福利', '餐补', '年终奖', '五险一金', '定期体检', '零食下午茶', '交通补助']"
IoT测试工程师(J10120),8-13K・15薪,"['嵌入式测试', '嵌入式测试']",厦门,本科,1-3年,星纵物联,计算机软件,"['员工旅游', '生日福利', '半年奖', '五险一金', '月度激励', '零食下午茶', '年终奖', '带薪年假']"
物联网软件开发工程师,9-14K,"['C#', 'C++', 'Java', '计算机相关专业', '全栈工程师']",天津,本科,经验不限,清华大学天津高端...,其他行业,"['节日福利', '免费工装', '团建聚餐', '员工旅游', '年终奖', '五险一金', '绩效奖金', '零食下午茶', '带薪年假', '定期体检']"
IOT销售工程师,11-20K,"['客户开发与维护', '电子/半导体/集成电路', '智能硬件', '对机构 (To B) 销售经验', '智能照明/智能家电', 'IOT/物联网/matter', '智能家居/方案商/模组']",深圳,大专,1-3年,集贤,半导体/芯片,"['生日福利', '定期体检', '团建聚餐', '零食下午茶', '免费午餐', '节假日加班费', '全勤奖', '员工旅游', '节日福利', '五险一金', '补充医疗保险', '年终奖', '带薪年假']"
IOT软件工程师,8-11K,"['功能测试', 'MySQL', '计算机相关专业', '自动化测试经验']",珠海,本科,1-3年,兆丰金,企业服务,['五险一金']
物联网开发工程师,8-11K・15薪,"['C++', 'C', 'Redis', 'MySQL', 'Oracle', '嵌入式软件经验']",成都,本科,在校/应届,长虹云大中心,计算机软件,"['五险一金', '定期体检', '年终奖', '带薪年假', '节日福利', '企业年金']"
开发工程师(物联网),10-12K,"['后端工程师', 'C/C++', 'Python']",乌鲁木齐,大专,1-3年,新疆诺冠慧智,互联网,"['交通补助', '通讯补贴', '员工旅游', '带薪年假', '年终奖', '节日福利']"
物联网研发专员,4-6K,"['架构师', '智能硬件', '管理系统', '物联网']",唐山,大专,1-3年,天津嘉瑞诚科技,通信/网络设备,[]
IoT软件开发,10-15K,['C/C++/Java等'],武汉,本科,经验不限,华为,计算机软件,"['零食下午茶', '年终奖', '餐补', '五险一金', '加班补助', '节日福利', '定期体检', '股票期权', '员工旅游', '补充医疗保险']"
IOT软件工程师,8-11K,"['功能测试', '自动化测试', 'MySQL', '计算机相关专业']",珠海,大专,1-3年,中科亿星,互联网,"['年终奖', '包吃', '全勤奖', '绩效奖金', '保底工资', '五险一金', '带薪年假', '加班补助']"
工业物联网工程师,14-15K・14薪,"['Java', 'Spring']",重庆,本科,1-3年,CMCU,建筑设计,"['通讯补贴', '年终奖', '交通补助', '带薪年假', '补充医疗保险', '住房补贴', '餐补', '全勤奖', '节日福利', '零食下午茶', '定期体检', '五险一金']"
IoT物联网安全初级工程师,10-15K,"['Java', 'Python', 'Burp Suite', '渗透测试经验', 'Web测试经验', '攻防对抗经验', 'Iot', '物联网', 'Devsecops ']",西安,本科,1-3年,立达信,电子/硬件开发,"['五险一金', '定期体检', '带薪年假', '加班补助', '年终奖', '员工旅游', '节日福利', '包吃']"
智能家居-IoT（APP+Web）测试-外派楠社,6-10K,"['Java', 'Python', 'MySQL', 'mqtt协议', 'LOT']",常州,本科,3-5年,博网科技,计算机服务,"['五险一金', '定期体检', '零食下午茶', '绩效奖金', '节假日加班费', '节日福利', '员工旅游', '生日福利', '带薪年假', '全勤奖', '底薪加提成', '年终奖', '团建聚餐', '补充医疗保险']"
物联网开发工程师,10-15K・14薪,['IOT'],柳州,本科,3-5年,七识科技,互联网,"['节日福利', '通讯补贴', '年终奖', '五险一金', '餐补', '带薪年假', '定期体检']"
java物联网开发工程师,8-12K,"['Java', 'Spring', 'SpringCloud', 'Docker', '不接受居家办公', 'PostgreSQL', 'SQL Server', 'MySQL', '物联网经验', '大数据经验', 'MES开发经验', 'IOT', '物联网']",新乡,本科,3-5年,万新电气,电子/半导体/集成电路,"['包吃', '五险一金', '免费班车', '加班补助', '全勤奖', '年终奖', '带薪年假', '节日福利']"
IOT工程师,20-30K・15薪,"['Java', 'Spring', 'MySQL', '不接受居家办公', 'IOT', '智能制造']",苏州,本科,3-5年,汇川联合动力,汽车零部件,"['节日福利', '免费班车', '五险一金', '带薪年假', '员工旅游', '年终奖', '定期体检', '股票期权']"
IOT测试工程师,6-8K,"['软件测试', 'Python']",嘉兴,大专,1-3年,闻泰通讯股份有限公司,通信/网络设备,"['定期体检', '员工旅游', '股票期权', '餐补', '五险一金', '全勤奖', '加班补助', '补充医疗保险', '通讯补贴', '带薪年假', '交通补助', '包吃', '零食下午茶', '节日福利']"
智能家居-IoT（APP+Web）测试,12-13K,"['嵌入式测试', '功能测试']",常州,大专,3-5年,神州在线,企业服务,[]
Java物联网开发工程师,8-13K,"['全栈工程师', 'Java', '物联网', '大数据', '人工智能']",保定,本科,3-5年,红黑科技,计算机软件,"['团建聚餐', '带薪年假', '节日福利', '五险一金', '绩效奖金', '年终奖']"
Java开发工程师（iot） (MJ002505),25-50K,"['后端工程师', 'Java', 'iot']",北京,本科,3-5年,神州租车,生活服务（O2O）,"['餐补', '年终奖', '加班补助', '带薪年假', '员工旅游', '五险一金', '节日福利']"
物联网开发工程师,6-10K,"['物联网', 'Java', '多线程', '网络协议', '音视频开发']",太原,本科,1-3年,恒优创,互联网,"['员工旅游', '定期体检', '加班补助', '零食下午茶', '年终奖', '五险一金', '带薪年假', '股票期权']"
物联网工程师,4-8K,"['C', 'C#', 'Java', 'Tomcat', 'SQL Server', 'MySQL', 'Redis', '不接受居家办公', '大数据经验', '物联网经验', '云计算经验']",临沂,本科,1-3年,华博软件,计算机软件,"['员工旅游', '底薪加提成', '工龄奖', '五险一金', '年终奖']"
物联网开发工程师,6-11K,"['Java', 'MySQL', 'Redis', 'Java开发经验', 'MQTT', '分布式开发经验', '物联网']",南昌,本科,1-3年,南昌有品教育软件,计算机软件,"['保底工资', '年终奖', '五险一金', '意外险', '加班补助', '夜班补助', '绩效奖金', '底薪加提成', '补充医疗保险', '股票期权']"
物联网服务器开发工程师,8-13K,"['Java', 'Python', 'Spring', 'MySQL', 'SQL Server', '架构设计经验', '物联网经验']",南宁,本科,3-5年,克莱因电力,电力/热力/燃气/水利,"['年终奖', '有无线网', '保底工资', '工龄奖', '节日福利', '生日福利', '交通补助', '五险一金', '股票期权', '包吃', '员工旅游', '带薪年假', '团建聚餐', '通讯补贴', '包住', '绩效奖金']"
物联网实习生,2-3K,"['Java', 'C++', 'Python', '物联网经验']",长沙,本科,经验不限,赢科储能,储能,"['餐补', '底薪加提成', '绩效奖金', '带薪年假', '年终奖', '五险一金']"
前端工程师（物联网方向）,6-10K,"['React', 'Vue', 'Node.js', '前端开发经验', '架构师经验', '不接受居家办公']",太原,本科,3-5年,山西千极,互联网,[]
物联网工程师,10-15K,"['C', 'C++', 'MySQL', 'Linux开发/部署经验', '物联网', '二次开发']",襄阳,本科,3-5年,华中药业,生物/制药,"['包住', '免费三餐', '带薪年假', '员工旅游', '五险一金', '企业年金', '定期体检']"
物联网IOT架构师,20-30K,[],东莞,本科,5-10年,某大型知名其他行业公司,其他行业,"['五险一金', '带薪年假', '生日福利', '团建聚餐', '餐补', '补充医疗保险', '高温补贴', '年终奖', '通讯补贴', '绩效奖金', '住房补贴', '员工旅游', '零食下午茶', '交通补助', '节日福利', '定期体检']"
物联网测试/技术支持,10-15K・13薪,"['功能测试', '项目实施']",杭州,本科,1-3年,绿城产业,企业服务,"['零食下午茶', '年终奖', '五险一金', '带薪年假', '节日福利']"
自动化测试（物联网）,8-11K,"['Selenium', 'Python']",西安,本科,3-5年,altenchina,计算机软件,"['带薪年假', '补充医疗保险', '定期体检', '节日福利', '年终奖', '五险一金', '加班补助']"
物联网后台工程师,12-20K,['Socket'],杭州,本科,3-5年,中力,机械设备/机电/重工,"['高温假', '五险一金', '带薪年假', '包住', '免费班车', '高温补贴', '包吃', '年终奖', '节日福利', '员工旅游']"
IOT运维技术支持工程师,10-12K,"['企业内部IT技术支持', '售前/售后技术支持', '计算机/通信相关专业', 'OMS/WMS/TMS支持经验', '售前支持/技术咨询经验', 'IOT', '物联网', '智能家居']",南京,本科,1-3年,神州信息,计算机软件,"['补充医疗保险', '意外险', '股票期权', '年终奖', '餐补', '朝九晚六', '带薪年假', '定期体检', '五险一金']"
物联网技术支持工程师-TSE(iot),5-10K,"['售前/售后技术支持', '计算机/通信相关专业', '售前支持/技术咨询经验', '售后支持/客户响应经验', '有电子工程技术背景优先考虑']",上海,大专,经验不限,翰数科技,大数据,"['节日福利', '绩效奖金', '五险一金']"
物联网开发工程师,8-12K・13薪,"['C++服务端开发经验', 'C++', 'Socket技术', '后端开发', 'SQL']",宁波,大专,1-3年,伟立机器人科技股份,机械设备/机电/重工,"['工龄奖', '五险一金', '宿舍有空调', '餐补', '意外险', '高温补贴', '有无线网', '带薪年假', '包吃', '包住', '夜班补助']"
物联网 Java  开发工程师,5-10K・13薪,"['后端工程师', '架构师', '全栈工程师', '不限', 'Java', 'JavaScript', 'MySQL', 'Java开发经验', '分布式系统开发经验', '大数据处理经验']",长沙,本科,3-5年,尚文科技,计算机软件,"['带薪年假', '年终奖', '节日福利', '员工旅游', '五险一金', '补充医疗保险']"
IOT物联网工程师,10-11K,"['不限', '五天制']",深圳,本科,5-10年,熙捷科技,电子/半导体/集成电路,"['通讯补贴', '定期体检', '年终奖', '带薪年假', '节日福利', '五险一金']"
java物联网工程师（没物联网经验不要投）,7-10K・13薪,"['Java', 'SpringCloud', 'Spring', 'MyBatis', 'MySQL', 'Redis', 'PostgreSQL', '不接受居家办公', '物联网经验']",武汉,本科,3-5年,隆感科技,计算机软件,"['保底工资', '五险一金', '节日福利', '节假日加班费', '免费工装', '餐补', '通讯补贴', '全勤奖', '工龄奖', '加班补助', '底薪加提成', '股票期权', '法定节假日三薪', '生日福利', '有无线网', '交通补助', '夜班补助', '年终奖', '绩效奖金']"
iot测试工程师,15-22K,"['移动端测试', 'iot']",深圳,大专,3-5年,万图科技,互联网,"['绩效奖金', '带薪年假', '夜班补助', '底薪加提成', '团建聚餐', '零食下午茶', '法定节假日三薪', '节日福利', '节假日加班费', '宿舍有空调', '保底工资', '有无线网', '生日福利', '加班补助', '意外险', '五险一金']"
物联网工程师(J10226),10-15K・14薪,"['数据采集', '通信协议', '物联网']",佛山,本科,1-3年,伊之密,机械设备/机电/重工,"['餐补', '全勤奖', '零食下午茶', '免费班车', '年终奖', '五险一金', '定期体检', '加班补助', '节日福利', '补充医疗保险', '带薪年假', '员工旅游', '通讯补贴']"
嵌入式软件工程师（IOT物联网）,25-45K・14薪,"['嵌入式/单片机开发经验', 'WiFi', 'IOT']",杭州,本科,5-10年,某知名智能硬件公司,智能硬件,[]
物联网开发,5-8K,"['多线程', '网络协议', 'MVC开发', 'Socket技术', '网络编程', 'Netty', 'Linux', '后端开发']",太原,大专,经验不限,龙为电子,计算机软件,"['通讯补贴', '意外险', '五险一金', '带薪年假', '法定节假日三薪', '交通补助', '团建聚餐', '年终奖', '餐补', '节日福利']"
IOT SCADA开发工程师,5-10K,"['C#', 'IOT', 'SCADA', 'PLC']",苏州,大专,1-3年,苏州华冠科技,计算机软件,"['餐补', '补充医疗保险', '带薪年假', '股票期权', '节日福利', '通讯补贴', '五险一金', '定期体检']"
IOT（物联网）软件工程师（上海）,12-18K,"['计算机相关专业', '电气电气/自动化相关专业', '嵌入式/单片机开发经验', '嵌入式技术']",上海,本科,3-5年,艾浦莱德智能科技,仪器仪表/工业自动化,"['周末双休', '五险一金', '法定节假日']"
物联网工程师,6-10K,['MySQL'],泉州,大专,3-5年,福建华德,机械设备/机电/重工,"['包住', '宿舍有空调', '零食下午茶', '带薪年假', '年终奖', '工龄奖', '社保', '高温补贴', '节日福利', '节假日加班费', '团建聚餐', '餐补', '夜班补助', '定期体检', '意外险', '加班补助']"
测试工程师（物联网方向）,8-10K,"['测试工作经验', '性能测试', '压力测试', '硬件测试', '功能测试']",福州,本科,5-10年,天成宝得,智能硬件,"['五险一金', '免费班车', '团建聚餐', '年终奖', '带薪年假', '员工旅游', '节日福利', '节假日']"
IOT实施工程师,13-15K,"['IOT', '物联网', '智慧']",深圳,本科,3-5年,软通动力,计算机软件,"['五险一金', '带薪年假', '团建活动', '交通补助', '补充医疗保险', '生日福利', '零食下午茶', '定期体检', '加班补助', '免费班车', '节日福利', '通讯补贴']"
IOT物联网研发经理,15-20K,"['物联网', '售前技术支持', 'IOT系统']",北京,本科,5-10年,中工互联科技有限公司,互联网,[]
IoT设备开发工程师,15-30K・13薪,"['C++', 'Linux开发/部署经验', 'RTOS', '协议开发', 'rust开发']",南京,本科,经验不限,某500强上市公司,智能硬件,[]
IOT基础架构师（物联网云原生）,40-60K・15薪,['IOT  云平台'],青岛,本科,5-10年,某500强上市公司,快递,"['年终奖', '绩效奖金', '包吃', '生日福利', '带薪年假', '通讯补贴', '全勤奖', '节日福利', '五险一金', '免费工装', '团建聚餐', '有无线网', '餐补', '底薪加提成', '高温补贴']"
IOT平台工程师,10-14K,"['数据采集', 'IOT']",珠海,本科,1-3年,格力电器,其他行业,"['住房补贴', '通讯补贴', '节日福利', '交通补助', '定期体检', '年终奖', '免费班车', '零食下午茶', '公司产品福利', '五险一金', '效益奖', '高温津贴', '带薪年假', '加班补助', '工龄工资', '餐补']"
物联网软件开发工程师,5-10K,['Java'],兰州,本科,3-5年,顺豪自动化,计算机软件,[]
物联网JAVA开发工程师,11-15K,"['有前端经验/技能', 'Java', 'C', 'C++', '不接受居家办公', '其他', 'MySQL', '物联网经验', 'ModBus', 'Framework']",广州,本科,1-3年,鸿数,计算机软件,"['节日福利', '五险一金', '带薪年假', '年终奖', '员工旅游', '定期体检', '绩效奖金', '生日福利', '团队活动', '补充医疗保险', '意外险', '零食下午茶']"
物联网工程师,12-15K・13薪,"['.NET', 'C#', 'Python']",长沙,本科,3-5年,元想科技,互联网,"['免费工装', '生日福利', '带薪年假', '绩效奖金', '团建聚餐', '意外险', '五险一金', '员工旅游', '节日福利', '定期体检']"
IOT数据采集工程师,11-20K,"['C', '通信相关专业', '嵌入式/单片机开发经验', '电气电气/自动化相关专业']",烟台,本科,5-10年,沭聚物联,计算机软件,"['五险一金', '有无线网', '团建聚餐']"
物联网开发工程师,12-20K,['Java'],深圳,本科,1-3年,中科网威,通信/网络设备,"['带薪年假', '全勤奖', '定期体检', '五险一金', '团建聚餐', '补充医疗保险', '员工旅游', '年终奖', '节日福利', '工龄奖', '零食下午茶', '意外险', '生日福利']"
物联网工程师,13-16K,"['Linux', '后端开发', '软件工程师', '网络协议', '数据结构']",南京,大专,1-3年,南京拓慧,智能硬件,"['年终奖', '带薪年假', '通讯补贴', '交通补助', '餐补', '五险一金', '定期体检']"
IOT测试开发,8-13K・15薪,"['Python', 'Linux', 'Java', '自动化测试']",苏州,本科,经验不限,追觅科技,家具/家电/家居,"['餐补', '定期体检', '五险一金', '零食下午茶', '补充医疗保险']"
Java开发工程师（物联网）,12-20K,"['Java', 'SpringCloud', 'MyBatis', 'MySQL', '物联网']",广州,本科,经验不限,开源国际建筑设计院,建筑设计,"['五险一金', '年终奖', '员工旅游', '包吃']"
中级软件开发工程师(物联网云平台方向),6-10K,"['Java', '网络协议', 'Socket技术', '多线程', '网络编程', 'Netty', '消息队列']",贵阳,大专,3-5年,贵州高诚科技有限公司,计算机服务,"['五险一金', '交通补助']"
物联网工程师 JAVA,11-15K,"['Java开发经验', 'Java', '物联网', '后端工程师']",广州,本科,3-5年,即合智能科技,计算机软件,"['底薪加提成', '绩效奖金', '五险一金']"
产品经理（工业物联网/IOT）,15-30K,"['物联网产品', '大数据', '工业物联网']",深圳,本科,5-10年,比亚迪汽车工业,汽车研发/制造,"['周末双休', '餐补', '带薪年假', '住房补贴', '通讯补贴', '五险一金']"
IT工程师（IOT）,18-20K,"['C#', 'C#开发经验']",武汉,本科,5-10年,长飞石英,电子/半导体/集成电路,['五险一金']
物联网工程师,10-11K,"['PHP', 'C语言', 'PHP开发经验']",泉州,大专,1-3年,鸣云网络,计算机软件,"['保底工资', '节日福利', '底薪加提成', '有无线网', '带薪年假', '零食下午茶', '绩效奖金', '全勤奖', '生日福利', '团建聚餐', '年终奖', '五险一金']"
IOT物联网平台开发系统工程师,12-18K,"['Java', 'Python', 'Spring', 'Nginx', 'MyBatis', 'MySQL', 'Redis', '不接受居家办公', '架构设计经验', '物联网经验', '微服务经验']",苏州,本科,5-10年,数应科技,计算机软件,"['餐补', '零食下午茶', '员工旅游', '年终奖', '节日福利', '五险一金', '团建聚餐']"
IOT架构师,30-40K・15薪,"['Golang', 'C++', 'MySQL', 'Golang服务端开发经验', '系统架构设计经验', '物联网', '智慧城市']",武汉,本科,5-10年,某大型通信公司,通信/网络设备,"['定期体检', '加班补助', '餐补', '带薪年假', '团建聚餐', '生日福利', '五险一金']"
IOT智能家居项目经理,9-12K,"['系统调试', '技术沟通', '硬件集成调试']",东莞,大专,1-3年,全诚科技,移动互联网,"['带薪年假', '加班补助', '零食下午茶', '年终奖', '交通补助', '员工旅游', '五险一金', '全勤奖', '节日福利']"
物联网后端开发,10-15K,"['C#', 'C#开发经验']",福州,大专,3-5年,杉颂信息,计算机软件,[]
物联网软件工程师,9-14K,"['爬虫工程师', 'C#', 'Java', 'MySQL/Redis', '熟悉Linux环境', '计算机相关专业']",惠州,大专,1-3年,华翊智能,企业服务,['五险一金']
物联网工程师,7-10K,"['C++', 'Python', 'C', 'Spring', 'MyBatis', 'Oracle', 'MongoDB', 'MySQL', '不接受居家办公', '物联网经验']",济南,本科,1-3年,恒智自控,仪器仪表/工业自动化,"['高温补贴', '工龄奖', '绩效奖金', '包吃', '团建聚餐', '节日福利', '加班补助', '全勤奖', '五险一金']"
JAVA开发工程师-IoT平台（南京）,15-25K・14薪,"['不限', 'Java', 'Spring', 'SQL Server', '物联网经验', 'IOT']",南京,本科,5-10年,A.O史密斯,家具/家电/家居,"['免费班车', '节日福利', '定期体检', '年终奖', '带薪年假', '员工旅游', '五险一金', '补充医疗保险']"
物联网开发工程师,8-10K,"['C#', 'Java', '计算机相关专业', 'C#开发经验', '.NET开发经验']",聊城,本科,3-5年,山东尚古智造智能装备,机械设备/机电/重工,[]
物联网研发工程师,7-12K・13薪,"['C++', 'C语言', 'Python', 'C++服务端开发经验', 'Qt项目开发经验', '音视频相关开发经验']",石家庄,本科,3-5年,北京雪龙科技有限公司,互联网,"['带薪年假', '全勤奖', '绩效奖金', '年终奖', '五险一金']"
I. 物联网JAVA工程师,9-10K,"['Java', 'Redis']",温州,本科,1-3年,国科温州研究院,政府/公共事业,[]
测试开发工程师（物联网）,13-25K,"['国内院校优先', '留学生优先', '不限', '功能测试', '压力测试', '性能测试', 'Java', 'Python', 'C++', '计算机相关专业', '测试工作经验', '软件开发经验']",深圳,本科,3-5年,沙与浪科技,智能硬件,"['股票期权', '节日福利', '五险一金', '年终奖']"
IOT智能制造 - Java开发岗位,15-18K・15薪,"['Java', 'Kafka', 'MySQL', '分布式经验', 'MES开发经验']",嘉兴,本科,3-5年,敏实集团,汽车研发/制造,"['定期体检', '带薪年假', '员工旅游', '五险一金', '包吃', '节日福利', '年终奖', '通讯补贴', '免费班车', '股票期权', '补充医疗保险']"
物联网工程师,5-10K,"['Java', 'Spring', 'MySQL']",太原,本科,5-10年,太原则成信息技术,计算机软件,"['零食下午茶', '节日福利', '团建聚餐', '意外险', '全勤奖', '带薪年假', '年终奖', '五险一金']"
软件测试工程师（IOT）,13-18K,"['功能测试', '性能测试', '自动化测试', 'Python', 'MySQL', 'IOT', 'eterSphere']",深圳,大专,1-3年,凯迪仕,智能硬件,"['五险一金', '补充医疗保险', '生日会', '零食下午茶', '员工旅游', '年终奖', '节日福利', '全勤奖', '带薪年假', '加班补助', '定期体检']"
物联网开发工程师,11-20K,"['Golang', 'MySQL/Redis/MongoDB', '计算机相关专业', '后端开发经验', '大数据处理开发经验']",青岛,本科,3-5年,青岛亿联科技,互联网,"['餐补', '交通补助', '年终奖', '证书补贴', '取暖费', '工龄奖', '高温补贴', '团建聚餐', '绩效奖金', '定期体检', '子女教育奖励', '带薪年假', '底薪加提成', '节日福利', '五险一金', '结婚礼金', '设备补贴', '生日福利', '通讯补贴', '保底工资']"
iot高级产品经理,10-15K・13薪,"['AI产品', 'ERP产品/软件产品', '物联网产品']",杭州,本科,1-3年,小电科技,O2O,"['节日福利', '通讯补贴', '定期体检', '补充医疗保险', '股票期权', '交通补助', '带薪年假', '餐补', '住房补贴', '五险一金', '全勤奖', '员工旅游']"
Java开发工程师（物联网）,10-15K・13薪,"['后端工程师', '物联网', 'Java开发']",宁波,本科,1-3年,浙江大仓信息科技,计算机软件,"['带薪年假', '员工旅游', '餐补', '补充医疗保险', '定期体检', '股票期权', '节日福利', '年终奖', '五险一金']"
iot测试,12-22K,"['自动化测试', 'Python', 'Java', 'Postman']",深圳,本科,3-5年,万图科技,互联网,"['节日福利', '带薪年假', '员工旅游', '五险一金', '零食下午茶', '全勤奖', '加班补助']"
软件测试（物联网）,14-21K,"['性能测试', '自动化测试', 'Selenium', 'MySQL', 'JMeter', '测试工作经验', '自动化测试经验', '物联网', '全链路测试', '并发量']",深圳,本科,3-5年,研祥,通信/网络设备,"['五险一金', '带薪年假', '节日福利', '员工旅游', '包吃']"
物联网平台开发工程师（智慧应急）,10-15K,"['Python', '服务器配置', '容器技术', 'Socket技术', '网络协议', '数据结构', 'Linux', 'MySQL']",深圳,本科,1-3年,智联卫士科技,电子商务,"['带薪年假', '零食下午茶', '员工旅游', '全勤奖', '五险一金', '股票期权', '定期体检', '餐补', '通讯补贴', '年终奖']"
iot产品经理,12-18K,"['硬件', 'iot']",深圳,大专,3-5年,小义智能科技,家具/家居,"['员工旅游', '年终奖', '带薪年假', '交通补助']"
MES数采顾问（IOT）,10-15K・13薪,"['数据采集', '设备集成']",重庆,本科,3-5年,重庆云领智数,计算机软件,['五险一金']
物联网研发工程师 python,5-10K,"['机器学习工程经验', 'Shell', '服务端开发经验', '全栈开发经验', '后端', 'Python', 'Flask']",济南,本科,1-3年,极智科技,计算机软件,"['加班补助', '住房补贴', '餐补', '全勤奖', '节日福利', '五险一金', '年终奖']"
JAVA物联网,6-8K,"['后端工程师', 'Java', 'Spring', '物联网']",重庆,本科,1-3年,重庆中冉信息分公司,计算机软件,"['交通补助', '餐补', '定期体检', '带薪年假', '通讯补贴', '节日福利', '五险一金']"
IOT产品经理,12-24K・13薪,"['C端产品', '电商产品', '智能家居', 'IOT产品', '软件产品经理']",佛山,本科,3-5年,花至,电子商务,"['绩效奖金', '团建聚餐', '节日福利', '资格认证补贴', '定期体检', '带薪年假', '节假日加班费', '餐补', '生日福利', '零食下午茶', '住房补贴', '年终奖', '五险一金', '交通补助', '学历补贴']"
Java（物联网平台智能硬件对接）,40-60K・14薪,"['后端工程师', 'Java']",青岛,本科,3-5年,筑家数字,互联网,"['股票期权', '工龄奖', '夜班补助', '包吃', '全勤奖', '加班补助', '法定节假日三薪', '带薪年假', '意外险', '底薪加提成', '企业年金', '补充医疗保险', '节假日加班费', '五险一金', '年终奖', '绩效奖金', '定期体检', '交通补助', '员工旅游', '保底工资']"
IoT样本分析工程师,11-16K・13薪,"['Python', 'Golang', 'C/C++', 'Linux', 'Ghidra', 'GDB']",武汉,本科,1-3年,敦和安全,信息安全,"['股票期权', '生日福利', '全勤奖', '零食下午茶', '补充医疗保险', '定期体检', '团建聚餐', '绩效奖金', '节日福利', '五险一金', '意外险', '带薪年假', '年终奖', '员工旅游', '工龄奖']"
物联网平台开发工程师,1500-2000元/月,"['Java', 'Spring', 'Java开发经验', '分布式系统开发经验', '中大型项目架构设计经验']",青岛,本科,3-5年,嘉讯通,电子/半导体/集成电路,"['团建聚餐', '加班补助', '年终奖', '五险一金']"
物联网后端开发工程师,6-10K,"['不接受居家办公', 'Java', 'C++', 'Python', 'Spring', 'SpringCloud', 'MyBatis', 'MySQL', 'MongoDB', 'SQL Server', '团队管理经验', '架构设计经验', '物联网经验', '有责任心；全栈经验为加分项']",太原,本科,3-5年,山西睿芯,计算机软件,"['零食下午茶', '生日福利', '年终奖', '股票期权', '加班补助', '全勤奖', '团建聚餐', '节假日加班费', '绩效奖金', '五险一金', '带薪年假', '员工旅游', '节日福利']"
高级iot物联网开发,16-17K,"['后端工程师', 'Java', 'Spring', 'C/C++']",南京,本科,3-5年,万德奥星,计算机服务,[]
物联网（IoT）前端开发工程师,15-30K,"['HTML', 'CSS', 'CSS3', '全栈开发', '前端开发', 'JQuery', 'React', 'Angular']",武汉,本科,经验不限,华为云计算,计算机服务,"['意外险', '法定节假日三薪', '团建聚餐', '年终奖', '补充医疗保险', '夜班补助', '带薪年假', '保底工资', '节假日加班费', '定期体检', '零食下午茶', '免费班车', '加班补助', '绩效奖金', '交通补助', '员工旅游', '五险一金']"
物联网开发工程师,8-13K,"['搜索引擎技术', 'Socket技术', '网络协议', '网络编程', 'Linux', 'SpringBoot', 'Netty', 'Redis']",金华,本科,1-3年,先创股份,机械设备/机电/重工,[]
高级Java开发工程师（IOT）(J13047),20-35K・15薪,"['Java', 'Spring', 'SpringCloud', 'MySQL', '不接受居家办公', '分布式经验', '物联网经验', '微服务经验']",深圳,本科,3-5年,云鲸智能,智能硬件,"['股票期权', '团建聚餐', '员工旅游', '零食下午茶', '年终奖', '生日福利', '节日福利', '带薪年假', '定期体检', '五险一金']"
物联网开发工程师,6-11K,"['Java开发经验', 'MQTT', 'Java', '分布式系统开发经验', 'MySQL', 'Redis', '物联网', '后端工程师', '后端开发', '计算机/软件工程相关经验', 'IOT']",南昌,大专,1-3年,恒信云,计算机软件,"['五险一金', '全勤奖', '员工旅游', '餐补']"
物联网开发工程师,12-18K,"['Android客户端产品研发', '架构设计/优化', '研发流程优化', 'Java', '架构设计能力', '数据结构/算法能力', '计算机/软件工程相关专业', '通信相关专业', 'Android开发经验']",西安,本科,3-5年,大唐科技,仪器仪表,"['加班补助', '团建聚餐', '节日福利', '五险一金', '免费班车', '定期体检', '工龄奖', '带薪年假', '年终奖', '补充医疗保险', '餐补', '全勤奖']"
IoT研发工程师,15-30K,"['Java', 'Spring', 'MySQL', '不接受居家办公', '架构设计经验', '分布式经验']",北京,大专,3-5年,电建北勘院河南分公司,互联网,"['带薪年假', '员工旅游', '节日福利', '五险一金', '年终奖', '餐补']"
物联网研发工程师,15-25K,"['Android', 'iOS', 'Node.js']",昆明,本科,3-5年,骑宜骑科技,互联网,"['夜班补助', '年终奖', '五险一金', '全勤奖', '绩效奖金', '底薪加提成', '保底工资', '有无线网', '节假日加班费', '零食下午茶', '餐补', '团建聚餐', '法定节假日三薪', '意外险', '节日福利', '员工旅游', '加班补助', '生日福利', '带薪年假']"
IOT物联网工程师,10-11K,"['商业产品', '用户产品', '物联网、电子、硬件']",深圳,本科,3-5年,深圳熙捷,电子/硬件开发,"['五险一金', '加班补助', '带薪年假', '节日福利']"
IOT 安全工程师,14-28K,['安全体系架构和研发'],杭州,本科,经验不限,极氪智能科技,汽车研发/制造,"['生日福利', '通讯补贴', '年终奖', '高温补贴', '节日福利', '住房补贴', '带薪年假', '工龄奖', '股票期权', '定期体检', '补充医疗保险', '五险一金', '交通补助', '餐补']"
物联网开发工程师,5-10K,"['Java', 'C/C++', 'MySQL', '计算机/软件工程相关经验', 'Java开发经验', '大数据处理经验']",乌鲁木齐,本科,3-5年,博文,工程施工,[]
IoT数据采集工程师/通讯工程师,10-15K・13薪,"['通信协议', 'BacNET', '自动化']",广州,大专,1-3年,AIC 造极智控,智能硬件,"['带薪年假', '定期体检', '员工旅游', '股票期权', '五险一金', '年终奖', '餐补']"
软件测试总监（IOT）,60-90K,"['IOT', '软件测试']",深圳,本科,经验不限,某500强上市公司,电子商务,"['员工旅游', '补充医疗保险', '零食下午茶', '带薪年假', '企业滴滴打车', '节日福利', '定期体检', '五险一金', '包吃', '年终奖']"
IOT技术支持工程师,10-13K・13薪,"['售前技术支持经验', 'web', '前后端联调', '接口工具']",深圳,本科,3-5年,睿达科技,仪器仪表/工业自动化,"['带薪年假', '定期培训', '差旅补助', '年度调薪', '月度部门奖励', '全年十三薪', '年终奖', '月度个人奖励', '全勤奖', '节日生日福利', '五险一金', '定期团建', '十四天春节假']"
物联网前端开发工程师,6-9K,"['移动端', '小程序', '前端开发']",广州,本科,1-3年,广州广嵌物联网科技,物联网,"['带薪年假', '绩效奖金', '股票期权', '零食下午茶', '团建聚餐', '底薪加提成', '保底工资', '生日福利', '定期体检', '员工旅游', '加班补助', '通讯补贴', '节日福利', '法定节假日三薪', '免费工装', '节假日加班费', '五险一金']"
IOT渗透测试,8-13K,"['C++', '漏洞挖掘', '汇编语言', '攻防对抗经验', '计算机相关专业', 'Python']",苏州,本科,1-3年,信睿网络,信息安全,"['零食下午茶', '绩效奖金', '员工旅游', '定期体检', '节日福利', '带薪年假']"
iot/物联网/嵌入式 工程师,10-15K,['嵌入式技术'],北京,大专,1-3年,Kinghoo,进出口贸易,[]
IOT后端开发工程师,10-15K,"['Java', 'Netty', 'MySQL', '物联网经验', 'TCP\\UDP协议', 'MQTT,', 'SDK']",厦门,本科,3-5年,钰辰,电子/半导体/集成电路,"['五险一金', '带薪年假', '员工旅游', '交通补助', '节日福利', '零食下午茶']"
物联网工程师,6-10K・13薪,"['流媒体技术', '网络协议', '服务器配置']",厦门,大专,3-5年,洋葱头,计算机软件,"['通讯补贴', '年终奖', '员工旅游', '带薪年假', '股票期权', '五险一金', '零食下午茶', '补充医疗保险', '全勤奖', '定期体检', '餐补', '住房补贴', '加班补助', '节日福利', '交通补助']"
物联网IOT开发工程师,20-25K・13薪,['C++'],北京,本科,3-5年,速感科技,智能硬件,"['节日福利', '零食下午茶', '五险一金', '定期体检', '包吃', '加班补助', '年终奖', '带薪年假', '员工旅游']"
物联网开发工程师,12-18K・13薪,"['网络协议', 'Socket技术', 'Android', 'Framework', '后端开发', '数据结构', '服务器配置']",武汉,大专,经验不限,华和物联,仪器仪表,"['生日福利', '年终奖', '带薪年假', '节日福利', '全勤奖', '加班补助', '五险一金', '餐补', '员工旅游', '绩效奖金', '定期体检', '团建聚餐', '工龄奖']"
物联网开发工程师,10-15K・14薪,"['Netty', 'SpringBoot']",苏州,本科,经验不限,固德威,新能源,"['带薪年假', '五险一金', '节日福利', '年终奖', '餐补', '免费班车', '补充医疗保险', '定期体检', '股票期权']"
物联网网络和网页软件工程师,6-7K,"['HTML5', 'JavaScript', 'CSS', '计算机/软件工程相关专业', '前端开发经验', '不接受居家办公']",深圳,本科,经验不限,科达,电子/半导体/集成电路,"['加班补助', '底薪加提成', '带薪年假', '免费工装', '团建聚餐', '节日福利', '员工旅游', '定期体检', '五险一金', '餐补', '生日福利']"
物联网工程师,8-13K,"['Java', 'Spring', 'SpringCloud', 'Netty', 'MySQL', '不接受居家办公', '物联网经验', '大数据经验']",无锡,本科,3-5年,中科软,计算机软件,"['带薪年假', '年终奖', '加班补助', '员工旅游', '定期体检', '节日福利', '团队氛围好', '零食下午茶', '餐补', '五险一金']"
实施顾问-IOT-黄岛,11-18K,"['IOT', 'EAM']",青岛,大专,3-5年,青岛软创网络科技...,计算机软件,"['带薪年假', '生日福利', '节日福利', '五险一金', '年终奖', '定期团建']"
物联网开发工程师JAVA,12-17K,"['Java', 'Java开发经验', '分布式系统开发经验', '大数据处理经验', '物联网']",日照,本科,3-5年,山东信达,信息安全,"['五险一金', '员工旅游', '年终奖', '股票期权', '生日福利', '团建聚餐']"
国际物联网平台开发,15-30K,"['Java', '不接受居家办公', '物联网经验']",上海,本科,3-5年,齐目萍技团,大数据,"['带薪年假', '员工旅游', '节日福利', '零食下午茶', '定期体检', '五险一金', '补充医疗保险']"
工业物联网工程师,8-13K,"['后端工程师', 'Java', 'C/C++', '计算机/软件工程相关经验', 'Java开发经验']",合肥,本科,3-5年,安徽佳通乘用子午...,汽车零部件,"['免费工装', '节日福利', '年终奖', '包住', '定期体检', '免费班车', '加班补助', '员工旅游', '五险一金', '包吃']"
中高级java工程师（电力物联网）,20-30K・13薪,"['Java', 'Spring', 'MyBatis', 'Oracle', 'MySQL', '架构设计经验', '电力物联网']",青岛,本科,5-10年,某新能源公司,新能源,[]
IoT物联网软件工程师,11-20K・16薪,"['软件工程师', '物联网', '设备自动化']",深圳,本科,1-3年,凯睿德,计算机软件,"['五险一金', '补充医疗保险', '节日福利', '年终奖', '定期体检', '通讯补贴', '带薪年假']"
物联网/全栈开发工程师,12-15K,"['Python', '全栈开发', '后端开发', 'Vue', 'C++']",北京,本科,经验不限,谙布尔,智能硬件,"['生日福利', '定期体检', '加班补助', '五险一金', '年终奖', '餐补', '股票期权', '零食下午茶', '有无线网', '免费班车', '带薪年假', '团建聚餐', '保底工资', '绩效奖金']"
IOT应用工程师,9-14K,"['通信协议/软件开发', 'C语言', 'C++', 'Oracle', '嵌入式开发', '上位机']",合肥,大专,3-5年,合肥经纬电子,原材料及加工/模具,"['年终奖', '加班补助', '节日福利', '包吃', '五险一金', '住房补贴', '全勤奖', '定期体检', '包住宿', '带薪年假']"
物联网平台开发工程师,10-15K,"['SQL', '分布式技术', 'MySQL', '流媒体技术', '文件管理系统', '高级软件工程师', '全栈开发', 'Linux']",重庆,本科,1-3年,重庆恣游科技,游戏,['五险一金']
iot物联网产品经理,30-50K・18薪,"['B端产品', '物联网', 'iot']",深圳,本科,5-10年,某知名互联网上市公司,互联网,"['生日福利', '团建聚餐', '补充医疗保险', '员工旅游', '全勤奖', '底薪加提成', '五险一金', '加班补助', '保底工资', '带薪年假', '绩效奖金']"
物联网开发工程师,11-17K,"['后端工程师', '架构师', 'Java', 'Spring', 'MyBatis', 'Java开发经验', '分布式系统开发经验', '计算机/软件工程相关经验', '无留学背景偏好']",南阳,本科,3-5年,牧原食品股份有限公司,农/林/牧/渔,"['带薪年假', '生日福利', '定期团建', '补充医疗保险', '五险一金', '团建聚餐', '员工旅游', '绩效奖金', '全勤奖', '定期体检', '节日福利', '通讯补贴', '股票期权', '餐补', '交通补助', '年终奖', '五险一金', '包住', '工龄奖', '宿舍有空调']"
测试工程师（iot方向）,12-20K・13薪,"['功能测试', '性能测试', '自动化测试', 'LoadRunner', 'JMeter', 'Jira', '掌握软件测试理论和流程', '测试工作经验', 'iOS/Android测试经验']",深圳,本科,3-5年,丰e足食,互联网,"['定期体检', '节日福利', '团建聚餐', '五险一金', '零食下午茶', '绩效奖金', '生日福利', '年终奖', '带薪年假']"
JAVA开发工程师（物联网）,7-12K,"['后端工程师', 'Java', 'Redis', 'JavaScript', 'Java开发经验', '计算机/软件工程相关经验']",东莞,本科,1-3年,广东能博文大数据服务,计算机软件,"['通讯补贴', '带薪年假', '五险一金']"
iot产品经理,7-12K,"['C端产品', '物联网']",深圳,本科,1-3年,中瑞云,计算机软件,[]
iot开发工程师,20-30K,"['Java', 'iot']",苏州,本科,5-10年,新华三技术有限公司,计算机软件,"['补充医疗保险', '员工旅游', '定期体检', '餐补', '五险一金', '免费班车', '交通补助', '通讯补贴', '带薪年假', '年终奖', '零食下午茶', '节日福利', '加班补助']"
C#高级开发工程师（IOT方向）,15-30K,"['C#', 'C#开发经验', 'IOT', '物联网', '微软Azure云服务']",杭州,大专,5-10年,正皓科技,计算机软件,"['年终奖', '带薪年假', '股票期权', '五险一金', '包吃', '节日福利', '零食下午茶']"
美团配送java专家(iot方向),35-45K・15薪,"['后端工程师', '架构师', 'Java', '分布式系统开发经验', 'iot']",深圳,本科,3-5年,美团,互联网,"['生日福利', '保底工资', '有无线网', '加班补助', '住房补贴', '底薪加提成', '宿舍有空调', '包住', '高温补贴', '节日福利', '餐补', '团建聚餐', '免费工装']"
IOT开发工程师,6-10K,"['C++', '嵌入式/单片机开发经验']",深圳,本科,1-3年,策维软件,互联网,"['节日福利', '包住', '包吃', '带薪年假', '全勤奖', '五险一金']"
java物联网平台开发,8-13K・15薪,"['Java', 'MySQL', '网络协议', '计算机软件', '物联网']",南京,本科,3-5年,芯融,半导体/芯片,"['补充医疗保险', '股票期权', '员工旅游', '餐补']"
物联网工程师,4-6K,"['人工智能', '计算机软件']",台州,本科,3-5年,浙江银轮智能装备,汽车零部件,[]
C#高级开发工程师（IOT方向）,15-30K,"['C#', 'C#开发经验', 'IOT', '物联网', '微软Azure云服务']",杭州,大专,5-10年,正皓科技,计算机软件,"['年终奖', '带薪年假', '股票期权', '五险一金', '包吃', '节日福利', '零食下午茶']"
plc工程师（iot开发）,13-17K,"['C#', 'PLC工程师', '工业通讯协议', '物联网协议', '上位机开发']",济南,大专,经验不限,北京角石泉源信息技术,计算机软件,[]
IOT前端工程师,13-23K・13薪,['JavaScript'],深圳,本科,3-5年,壹品慧,互联网,"['交通补助', '五险一金', '节日福利', '高温补贴', '通讯补贴', '团建聚餐', '零食下午茶', '员工旅游', '带薪年假', '年终奖', '生日福利', '定期体检']"
测试工程师_IoT穿戴（外派OPPO）,8-10K,"['手表，手环', '心率']",深圳,大专,3-5年,诚迈科技,互联网,"['交通补助', '法定节假日三薪', '定期体检', '加班补助', '节日福利', '餐补', '员工旅游', '带薪年假', '团建聚餐', '通讯补贴', '五险一金', '免费班车']"
物联网协议开发工程师,8-12K,"['Java', 'Spring', 'SpringCloud', 'MySQL', 'Redis', '物联网经验']",邯郸,本科,1-3年,智博源,大数据,"['带薪年假', '加班补助', '五险一金', '零食下午茶', '员工旅游']"
JAVA开发工程师（物联网方向）,6-10K・14薪,['JQuery'],南京,本科,1-3年,奥途,计算机服务,"['员工旅游', '餐补', '五险一金', '年终奖', '节日福利']"
嵌入式开发工程师（IOT物联网）,20-40K・13薪,"['C', 'RTOS', 'STM32开发', '计算机相关专业', '嵌入式/单片机开发经验', 'MQTT', '物联网', '视频对讲']",深圳,本科,3-5年,友博泰克,智能硬件,"['员工旅游', '带薪年假', '五险一金', '全勤奖', '企业年金', '通讯补贴', '工龄奖', '绩效奖金', '交通补助', '年终奖', '股票期权']"
iot开发工程师,10-15K・14薪,"['C++', 'C', 'Java', 'Linux开发/部署经验', '音视频经验']",深圳,本科,1-3年,酷宅科技,智能硬件,"['五险一金', '全勤奖', '绩效奖金', '带薪年假', '员工旅游', '节日福利', '团建聚餐', '股票期权', '定期体检', '零食下午茶', '年终奖']"
Java开发工程师（物联网方向）,12-16K,"['Java', 'Spring', 'MySQL', 'MongoDB', 'Redis', '不接受居家办公', 'Spring Boot', 'Flask', 'Spring MVC']",广州,本科,1-3年,凡拓数创,广告/公关/会展,"['五险一金', '零食下午茶', '带薪年假', '年终奖', '员工旅游', '节日福利', '定期体检']"
物联网开发工程师,7-10K,"['Java', 'Python', 'MySQL', '分布式系统开发经验', '中大型项目架构设计经验', '大数据处理经验', '可兼职']",太原,本科,3-5年,大禾云,通信/网络设备,[]
iot测试工程师,10-15K,"['功能测试', '自动化测试', '自动化测试经验', '嵌入式测试']",苏州,本科,3-5年,宝时得,通用设备,"['节日福利', '免费班车', '零食下午茶', '带薪年假', '年终奖', '定期体检', '补充医疗保险', '五险一金']"
物联网软件开发工程师（建筑能耗监控系统）,7-11K,"['架构师', 'Java', 'MySQL', '计算机/软件工程相关经验', 'Java开发经验', '能耗监测系统']",乌鲁木齐,大专,3-5年,德联咨询,新能源,"['五险一金', '通讯补贴', '股票期权', '交通补助', '餐补', '零食下午茶']"
物联网工程师,12-15K,"['Java', 'Spring', 'SpringCloud', 'MyBatis', 'MySQL', 'Redis', 'MongoDB', '物联网经验']",杭州,本科,3-5年,杭州华聪,计算机软件,"['五险一金', '餐补', '定期体检', '股票期权', '年终奖', '通讯补贴', '带薪年假', '交通补助']"
物联网系统平台JAVA开发工程师,8-13K,"['Java', 'Spring', 'Netty', 'Hibernate', 'MySQL', 'Redis', '不接受居家办公', '云计算经验', '物联网经验', '架构设计经验']",佛山,本科,3-5年,浩迪创新,仪器仪表/工业自动化,[]
物联网开发工程师,11-22K,"['MES开发经验', 'Java', 'Nginx', '不接受居家办公', '团队管理经验', 'MYsql', 'Redis', '软件工程师', 'WEB开发', 'Docker', 'Netty', '架构设计经验', 'Python']",南京,本科,1-3年,鼎高数字,电力/热力/燃气/水利,"['团建聚餐', '绩效奖金', '年终奖', '带薪年假', '五险一金']"
iot开发工程师,20-40K・16薪,"['Jenkins', 'Linux', '分布式技术', 'Netty', '后端工程师', '容器技术', 'Spring', '网络编程', 'iot']",嘉兴,本科,3-5年,盛景智能科技,智能硬件,"['年终奖', '餐补', '高温补贴', '生日福利', '五险一金', '股票期权', '节日福利', '宿舍有空调', '免费班车', '免费工装', '定期体检']"
IOT数据采集工程师,10-15K・13薪,"['Python', 'Java']",宁波,本科,3-5年,兴远仪表,仪器仪表/工业自动化,"['包住', '五险一金', '全勤奖', '包吃', '节日福利', '加班补助', '定期体检', '员工旅游', '年终奖', '宿舍有空调']"
物联网开发工程师（Netty方向）,15-25K,"['Java', 'Netty', 'MySQL', 'TCP', 'Socket']",苏州,大专,3-5年,恒琪信息,互联网,"['零食下午茶', '定期体检', '交通补助', '带薪病假', '员工旅游', '节日福利', '补充医疗保险', '带薪年假', '五险一金', '年终奖']"
物联网开发工程师,10-13K,"['Java', 'C', 'Python', 'Spring', 'SpringCloud', 'Kafka', 'MySQL', 'Redis', 'MongoDB', '架构设计经验', '微服务经验', '物联网经验']",兰州,本科,3-5年,屹建科技,计算机软件,"['五险一金', '带薪年假', '通讯补贴']"
物联网工程师,8-13K,"['微服务架构', '中级软件工程师', '后端开发']",西安,大专,3-5年,盛元广通科技,互联网,"['带薪年假', '全勤奖', '加班补助', '年终奖', '五险一金']"
物联网协议开发工程师,8-13K,['物联网中台'],杭州,本科,1-3年,圣博创新,计算机软件,"['交通补助', '加班补助', '餐补', '高温补贴', '有无线网', '通讯补贴', '全勤奖', '工龄奖', '绩效奖金', '节日福利', '五险一金']"
iot物联网专家,20-40K・14薪,"['Java', 'SpringCloud', 'Hadoop']",青岛,本科,10年以上,惠农云,互联网,[]
JAVA开发工程师（工业物联网方向）,10-15K,"['微服务架构', '容器技术', 'Socket技术', '网络协议', '网络编程', '多线程', 'Linux', 'Spring']",呼和浩特,本科,3-5年,飞狮数智,移动互联网,"['双休', '五险', '加班补助', '节日福利']"
IOT  Sales Manager/工业物联网销售经理,15-30K,"['企业（To B）', '对企业/机构（To B）销售经验', '其他行业', '其他产品/服务']",上海,本科,5-10年,ExcelMarco,仪器仪表/工业自动化,"['团建聚餐', '夜班补助', '带薪年假', '生日福利', '加班补助', '定期体检', '补充医疗保险', '意外险', '节日福利', '五险一金', '年终奖']"
Java后端开发（物联网方向）,18-28K・13薪,"['Java', 'Spring', 'Python']",深圳,本科,3-5年,疆海科技,电子/半导体/集成电路,"['定期体检', '年终奖', '意外险', '生日福利', '团建聚餐', '定期体检', '股票期权', '员工旅游', '餐补', '五险一金', '带薪年假', '交通补助', '节日福利', '零食下午茶', '加班补助']"
物联网开发工程师,18-35K・14薪,"['Java', '中大型项目架构设计经验', 'BI', '架构师', 'SpringMVC', 'Spring', '后端工程师', '网络协议', '计算机/软件工程相关经验', 'Java开发经验', '负载均衡技术', '多线程', '物联网']",苏州,本科,5-10年,苏州苏高新数科,计算机软件,"['五险一金', '带薪年假', '节日福利', '交通补助', '餐补', '补充医疗保险', '生日福利', '零食下午茶', '年终奖', '定期体检', '团建聚餐', '员工旅游']"
物联网平台开发工程师,8-13K,"['Java', 'C', 'C++', 'Spring', 'Kafka', 'Tomcat', 'MySQL', 'Redis', 'Oracle', '不接受居家办公', 'MES开发经验', 'ERP开发经验', '团队管理经验']",钦州,大专,3-5年,见炬科技,半导体/芯片,"['住房补贴', '交通补助', '加班补助', '零食下午茶', '股票期权', '员工旅游', '带薪年假', '餐补', '通讯补贴', '补充医疗保险', '节日福利', '五险一金', '年终奖']"
测试与售后工程师（工业物联网产品）,5-7K・13薪,"['功能测试', 'Jira', '计算机相关专业', '通信相关专业', 'modbus', 'plc']",南京,本科,1-3年,合沃物联,通信/网络设备,"['带薪年假', '零食下午茶', '定期体检', '股票期权', '员工旅游', '五险一金']"
物联网开发工程师,8-13K,"['C++', 'Java', 'Dubbo', 'SpringCloud', 'Spring', 'Hadoop', '不接受居家办公', '物联网经验']",深圳,本科,经验不限,深圳市灏志科技,电子/半导体/集成电路,"['股票期权', '宿舍有空调', '带薪年假', '有无线网', '五险一金', '零食下午茶', '员工旅游', '绩效奖金', '包住']"
支某宝IOT刷脸推广经理,3-8K,"['销售工作经验', '销售岗', '商务谈判能力', '客户开发', '可接受外勤和出差', '互联网/科技', '地推经验', '全职', '生活服务/O2O']",开封,大专,经验不限,汇晟云众,广告营销,"['全勤奖', '团建聚餐', '有无线网', '员工旅游', '工龄奖', '底薪加提成']"
全栈工程师（物联网方向）,10-15K・13薪,"['Vue', 'Java', 'Node.js', '全栈项目经验']",中山,大专,3-5年,天启科技,智能硬件,"['补充医疗保险', '宿舍有空调', '节日福利', '零食下午茶', '全勤奖', '带薪年假', '员工旅游', '团建聚餐', '意外险', '股票期权', '年终奖', '生日福利', '免费工装', '包吃', '五险一金', '定期体检', '工龄奖', '绩效奖金']"
物联网开发工程师,10-15K,"['C/C++', 'Java', '物联网', '数字工厂', 'MQTT']",南京,本科,经验不限,万物智汇,企业服务,"['员工旅游', '五险一金', '股票期权', '带薪年假', '节日福利', '年终奖', '团建聚餐', '定期体检', '零食下午茶']"
物联网开发工程师,9-14K・14薪,"['SCADA', '设备联网', '数据采集']",南京,本科,经验不限,鼎华智能,计算机软件,"['年终奖', '餐补', '节日福利', '股票期权', '五险一金', '带薪年假', '定期体检', '员工旅游', '零食下午茶', '全勤奖', '通讯补贴']"
IOT工程师,6-8K,"['PLC工程师', '电气工程师', 'IOT', '电气', 'PLC']",无锡,大专,1-3年,梅杰科技,大数据,"['全勤奖', '五险一金', '带薪年假', '年终奖']"
物联网工程师,7-12K,"['Java', '计算机/软件工程相关经验', 'Java开发经验']",临沂,本科,3-5年,云是智能,计算机软件,"['节日福利', '员工旅游', '加班补助', '带薪年假', '全勤奖', '零食下午茶', '五险一金']"
物联网工程师,10-15K,"['Java', 'C++', 'Python', 'Spring', 'SpringCloud', 'MyBatis', 'MySQL', 'PostgreSQL', 'Oracle', '架构设计经验', '物联网经验', '微服务经验', '不接受居家办公']",南京,学历不限,经验不限,江苏中恒智联科技,智能硬件,['五险一金']
物联网专业实战老师,6-8K,"['C++', 'Python', 'ARM开发', '计算机相关专业', '嵌入式软件开发', '单片机设计经验']",淮安,本科,3-5年,中青润心科技,学校/学历教育,[]
实施工程师（IOT方向）,8-13K・14薪,"['软件实施经验', 'PMP', 'SAP', 'PLC', 'MES', '计算机相关专业', 'TMS', 'PMI-ACP', 'WMS', 'CSM/PSM', '可适应出差', 'IOT']",芜湖,大专,1-3年,海行云,互联网,"['团建聚餐', '带薪年假', '定期体检', '意外险', '五险一金', '交通补助', '补充医疗保险', '股票期权', '年终奖', '绩效奖金', '员工旅游', '法定节假日三薪', '高温补贴', '节日福利', '餐补', '通讯补贴', '生日福利']"
IOT运维工程师,9-12K,"['iot', '技术支持']",南京,本科,3-5年,得逸信息,计算机软件,"['零食下午茶', '五险一金', '定期体检', '通讯补贴', '节日福利', '带薪年假', '员工旅游']"
物联网软件测试,11-15K,['嵌入式测试'],福州,本科,3-5年,富延升电子,仪器仪表/工业自动化,"['团建聚餐', '工龄奖', '零食下午茶', '加班补助', '五险一金', '全勤奖', '包住', '定期体检', '意外险', '带薪年假', '年终奖', '宿舍有空调', '股票期权', '通讯补贴', '底薪加提成', '免费工装', '节日福利', '包吃']"
IoT设备开发工程师,20-30K,"['C++', 'MySQL', 'QT', 'Linux开发/部署经验', '智能开发']",南京,本科,1-3年,某大型计算机软件公司,计算机软件,"['定期体检', '员工旅游', '带薪年假', '加班补助', '年终奖', '五险一金', '餐补', '补充医疗保险', '节日福利']"
react物联网开发工程师,7-12K,['Node.js'],广州,大专,3-5年,爱宝办公,电子商务,"['节日福利', '包住', '包吃', '全勤奖', '年终奖']"
物联网软件工程师,8-10K,"['Java开发经验', '全栈工程师', 'Java', 'C/C++', '计算机/软件工程相关经验', 'Python']",东营,本科,1-3年,山东胜软,计算机软件,"['补充医疗保险', '带薪年假', '节日福利', '免费班车', '加班补助', '定期体检', '员工旅游', '餐补', '年终奖', '五险一金', '通讯补贴', '股票期权', '零食下午茶', '交通补助', '全勤奖']"
物联网开发工程师,10-15K,"['MQTT', 'Socket技术', '物联网开发', 'KAFKA', 'NETTY', '网络协议', 'IOT']",柳州,本科,1-3年,柳工机械,电气机械/器材,"['年终奖', '定期体检', '五险一金', '免费班车', '餐补', '股票期权']"
Java工程师（物联网方向）,5-10K,"['不接受居家办公', 'Java', 'C', 'Python', 'Spring', 'SpringCloud', 'MyBatis', 'MySQL', 'Redis', '架构设计经验', '分布式经验', '物联网经验']",昆明,本科,1-3年,云南致尚科技有限公司,电子商务,"['定期体检', '五险一金']"
IOT工程师,10-15K,"['IOT工程师', '物联网工程师', '数据采集']",佛山,大专,5-10年,IFC-数智云科,计算机软件,"['团建活动', '底薪加提成', '培训', '生日福利', '五险', '免费工作服', '保底工资', '团建聚餐', '交通补助', '有无线网', '至亲节日礼品', '节假日加班费', '节日礼品', '绩效奖金', '节日福利', '企业年金', '年终奖']"
物联网工程师,12-24K,"['C#', '物联网经验', 'Java', '团队管理经验', 'C++', '计算机软件', '软件工程师', 'SQL Server', '移动端', 'MySQL', '人工智能', '架构设计经验', '物联网', 'Oracle', 'PC端', '管理系统']",湖州,本科,5-10年,浙江智谱,其他专业服务,"['保底工资', '高温补贴', '定期体检', '工龄奖', '包住', '意外险', '绩效奖金', '全勤奖', '年终奖', '五险一金', '带薪年假', '节日福利', '交通补助']"
物联网平台开发工程师,5-8K,"['不接受居家办公', 'Java', 'Spring', 'SpringCloud', 'MySQL', 'Redis', 'Oracle', '团队管理经验', '物联网经验']",临汾,本科,3-5年,临汾三剑客网络,电子商务,"['全勤奖', '员工旅游', '交通补助', '年终奖', '五险一金', '带薪年假', '股票期权', '加班补助', '通讯补贴']"
物联网开发工程师,8-12K,"['高级软件工程师', 'Linux', 'Windows', 'PostgreSQL', 'Maven', 'Eclipse']",抚顺,本科,3-5年,辽宁博泽,计算机软件,['五险一金']
IOT物联网工程师,13-18K,"['物联网', 'IOT', 'MQTT']",长沙,本科,3-5年,翼任,计算机软件,"['生日福利', '包吃', '团建聚餐', '节日福利', '有无线网', '员工旅游', '带薪年假', '五险一金', '免费工装', '包住', '宿舍有空调']"
物联网后端工程师,100-150元/天,"['不接受居家办公', 'Java', 'Spring', 'Tomcat', 'Nginx', 'MySQL', 'Redis', 'MongoDB', '物联网经验']",西安,本科,1-3年,中煤地下空间,工程施工,"['五险一金', '餐补', '节日福利', '带薪年假', '通讯补贴', '定期体检', '年终奖', '交通补助']"
iot测试工程师,9-10K,"['计算机相关专业', '软件实施经验', 'iot']",深圳,大专,3-5年,中软国际,计算机软件,"['五险一金', '员工旅游', '节日福利', '加班补助', '年终奖', '免费班车', '零食下午茶', '餐补', '带薪年假', '定期体检']"
物联网开发工程师,6-7K,"['全栈工程师', 'Java', 'Python', '计算机/软件工程相关经验', '不接受居家办公']",烟台,本科,1-3年,山东驰宇消防,工程施工,['五险一金']
golang物联网工程师,5-8K,"['Golang', 'Golang服务端开发经验', '中大型项目开发经验', '计算机相关专业']",长沙,本科,1-3年,湖南特科,计算机软件,"['下午茶', '下午茶', '五险一金', '员工旅游', '团建聚餐', '绩效奖金']"
物联网开发工程师,5-6K,"['云计算', '网络安全', '物联网', 'Java', '车联网']",南阳,大专,1-3年,云上质安,计算机软件,"['五险一金', '持证补助', '通讯补贴', '带薪年假', '餐补', '年终奖', '节日福利', '定期体检']"
物联网技术工程师,7-8K,"['C#', '嵌入式', '单片机']",武汉,大专,1-3年,武汉唯众智创科技,计算机服务,"['五险一金', '全勤奖', '年终奖', '员工旅游', '节日福利', '专业培训']"
IOT数据采集工程师,7-12K,['IOT数据采集'],烟台,大专,3-5年,研讯智能,计算机服务,"['住房补贴', '五险一金', '项目奖金', '零食下午茶', '交通补助', '包吃', '餐补', '节日福利']"
物联网开发工程师,1800-3500元/周,"['Java', 'Spring', 'MySQL', 'SQL Server', '物联网经验']",成都,本科,1-3年,四川远宁亿兴信息科技,交通/运输,"['绩效奖金', '五险一金']"
FAE软件测试工程师（手机/物联网产品）,7-8K,"['通讯模块', '物联网loT', '手机测试']",上海,本科,经验不限,江苏久智,计算机服务,"['加班补助', '带薪年假', '餐补', '包吃', '五险一金']"
iot验证工程师,10-15K,['自动化测试'],佛山,大专,1-3年,新宝股份,家具/家电/家居,"['年终奖', '绩效奖金', '交通补助', '员工旅游', '五险', '全勤奖', '补充医疗保险', '工龄奖', '宿舍有空调', '零食下午茶', '定期体检', '免费班车', '包住', '包吃', '餐补', '法定节假日三薪', '股票期权', '节日福利']"
java物联网开发工程师,5-8K,"['Java', 'SpringCloud', 'Netty', 'MyBatis', 'MySQL', 'Redis', '不接受居家办公', '物联网经验', 'MES开发经验']",昆明,大专,1-3年,十进制,计算机软件,[]
物联网后端开发工程师,6-10K,"['Java', 'SpringCloud', 'PostgreSQL', '不接受居家办公', '大数据经验', '物联网经验']",太原,本科,3-5年,微农天下科技有限公司,物联网,['加班补助']
物联网IOT销售经理,10-15K,"['互联网/科技', '3C电子', '物联网', '通讯行业']",深圳,本科,5-10年,途鸽科技,智能硬件,"['节日福利', '带薪年假', '绩效奖金', '五险一金']"
产品工程师（IOT/物联网）,15-25K,['物联网产品'],广州,本科,经验不限,菲亚兰德,智能硬件,"['交通补助', '绩效奖金', '节日福利', '生日福利', '员工旅游', '五险一金', '全勤奖', '股票期权', '定期体检', '带薪年假', '餐补', '团建聚餐', '住房补贴', '年终奖', '有无线网', '零食下午茶']"
物联网工程师,11-17K,"['全栈工程师', '架构师', 'Java', 'C/C++', 'Python', '计算机/软件工程相关经验', 'Java开发经验', '分布式系统开发经验']",常州,本科,3-5年,江苏固立得精密光电,电子/半导体/集成电路,[]
IOT智能硬件测试（北京）,10-11K,"['智能硬件类', '通信设备类', '手机/电脑硬件类', '自动化相关专业']",北京,大专,3-5年,法本,计算机软件,"['加班补助', '零食下午茶', '带薪年假', '定期体检', '企业文化', '员工旅游', '五险一金', '节日福利']"
IOT系统测试工程师,13-22K・15薪,['嵌入式测试'],上海,本科,1-3年,大金(中国),通用设备,"['五险一金', '通讯补贴', '节假日加班费', '带薪年假', '加班补助', '团建聚餐', '节日福利', '法定节假日三薪', '交通补助', '定期体检', '员工旅游', '年终奖', '生日福利']"
物联网应用开发工程师,12-20K,"['物联网', 'emqx', 'mqtt']",成都,本科,经验不限,成都云n科技有限公司,新能源,"['交通补助', '带薪年假', '五险一金', '节日福利', '员工旅游']"
物联网前端工程师,8-12K,['物联网'],保定,大专,3-5年,点动科技,计算机软件,"['年终奖', '零食下午茶', '餐补', '工龄奖', '加班补助', '带薪年假', '全勤奖', '节日福利', '绩效奖金', '五险一金']"
IoT技术支持（杭州）,8-10K,"['企业内部IT技术支持', 'MySQL/Oracle', '技术支持', 'IoT项目技术支持']",杭州,大专,1-3年,润和软件,互联网,"['交通补助', '定期体检', '零食下午茶', '年终奖', '餐补', '五险一金', '员工旅游', '节日福利', '通讯补贴', '加班补助', '股票期权', '带薪年假']"
物联网工程师,6-10K,"['Java', 'C++', 'Spring', 'SpringCloud', 'MySQL', 'SQL Server']",徐州,大专,1-3年,江苏骏迪丰,机械设备/机电/重工,[]
iot测试工程师,14-18K・14薪,"['自动化测试', 'APP测试', '编程']",无锡,本科,3-5年,威能无锡,家具/家电/家居,"['带薪年假', '定期体检', '保底工资', '专业技能培训', '包吃', '节日福利', '年终奖', '员工旅游', '团建聚餐', '生日福利', '带薪病假', '五险一金', '工作生活平衡', '免费班车', '交通补助', '补充医疗保险', '意外险']"
物联网IOT开发,11-17K・13薪,"['ARM开发', '计算机相关专业', '通信相关专业', '嵌入式/单片机开发经验']",西安,大专,3-5年,山东浪潮卓智信息科技,计算机软件,"['补充医疗保险', '五险一金', '定期体检']"
电力物联网后端开发工程师,7-8K,"['C++', 'Python', 'Elasticsearch', 'Oracle', '分布式经验']",保定,本科,3-5年,北京国电瑞恒,仪器仪表/工业自动化,"['带薪年假', '工龄奖', '全勤奖', '五险一金', '年终奖', '节假日加班费']"
IOT云平台开发,21-30K,"['云平台开发', 'IOT']",东莞,本科,经验不限,某知名新能源公司,新能源,"['定期体检', '五险一金']"
测试工程师（物联网方向）,8-10K,"['性能测试', '功能测试', '硬件测试', '物联网']",福州,本科,3-5年,天成时代,智能硬件,"['团建聚餐', '员工旅游', '带薪年假', '五险一金', '节日福利', '免费班车']"
电子工程师（IOT方向）,6-9K・13薪,"['PCB设计', '热风枪', '示波器', 'Altium Designer', '智能家居赛道', 'BOM 焊接']",深圳,本科,1年以内,勒基恩,智能硬件,"['五险一金', '团建聚餐', '底薪加提成', '绩效奖金', '全勤奖', '工龄奖', '员工旅游', '节日福利', '工龄奖', '年终奖', '有无线网']"
物联网工程师,4-7K,"['PLC编程', '人机界面软件']",烟台,本科,经验不限,金软科技,电子商务,"['五险一金', '年终奖', '带薪年假', '定期体检', '节日福利']"
数采工程师（物联网工程师）,4-8K,"['数据采集', '自动化']",长春,大专,1-3年,吉林野马软件有限公司,计算机软件,"['节日福利', '团建聚餐', '零食下午茶', '五险一金']"
物联网云平台负责人,6-7K,"['.NET', 'C#', '数据采集']",广州,本科,经验不限,广州立东,仪器仪表/工业自动化,"['宿舍有空调', '住房补贴', '生日福利', '免费工装', '五险一金', '意外险', '员工旅游', '包住', '年终奖', '团建聚餐', '带薪年假', '节日福利']"
物联网内测工程师,12-20K,"['功能测试', '性能测试']",北京,本科,3-5年,巴丁物联,互联网,"['五险一金', '全勤奖']"
软件测试物联网独角兽企业/16薪年薪50w以内,14-28K・15薪,"['自动化测试', '压力测试', '渗透测试', 'Python', 'Java', '掌握软件测试理论和流程', '软件开发经验', '计算机相关专业']",西安,本科,经验不限,某大型互联网上市集团公司,计算机软件,"['年终奖', '补充医疗保险', '餐补', '股票期权', '员工旅游', '零食下午茶', '五险一金', '节日福利', '定期体检', '加班补助']"
物联网工程师,30-40K,"['Java', 'SpringCloud', '不接受居家办公', '物联网经验', '物联网']",衡阳,本科,5-10年,某知名其他行业公司,其他行业,[]
物联网软件开发工程师,7-10K,"['java', 'springboot', 'vue', 'javascript', 'css', 'modbus', 'tcp', 'mqtt']",贵阳,本科,1-3年,贵州城服,生活服务（O2O）,"['员工旅游', '节日福利', '五险一金', '年终奖']"
物联网（IoT）架构师,15-30K,"['Java', '微服务架构', '搜索引擎技术', '分布式技术', 'Spring']",青岛,本科,3-5年,歌尔股份,仪器仪表/工业自动化,"['全勤奖', '员工旅游', '节日福利', '五险一金', '加班补助', '住房补贴', '年终奖', '带薪年假']"
物联网工程师（包吃住，五险一金）,6-9K,"['Java', 'Python', 'C#', 'C语言']",东莞,本科,1-3年,飞尔特,机械设备/机电/重工,"['五险一金', '全勤奖', '包住', '定期体检', '包吃', '节日福利', '年终奖', '带薪年假', '补充医疗保险', '零食下午茶', '员工旅游', '加班补助', '住房补贴']"
物联网软件开发工程师,4-9K,"['C++', 'C语言', '计算机相关专业', 'C++服务端开发经验', 'Qt项目开发经验', '计算机专业', '物联网专业', '物联网']",石家庄,本科,1-3年,中航双晟,电子/硬件开发,"['工龄奖', '绩效奖金', '节日福利', '带薪年假', '全勤奖', '交通补助', '员工旅游', '加班补助', '保底工资', '住房补贴', '包住', '股票期权', '有无线网', '节假日加班费', '团建聚餐', '夜班补助', '五险一金']"
